perturbation,unit,strength,label,ap,max_recall,fnr,positives
brightness,fractional change,0.0,Car,0.7583,0.8241,0.1759,1899
brightness,fractional change,0.0,Pedestrian,0.4431,0.6281,0.3719,285
brightness,fractional change,0.0,Cyclist,0.0049,0.0492,0.9508,122
brightness,fractional change,0.3,Car,0.7599,0.8268,0.1732,1899
brightness,fractional change,0.3,Pedestrian,0.4422,0.6211,0.3789,285
brightness,fractional change,0.3,Cyclist,0.0046,0.0492,0.9508,122
brightness,fractional change,0.6,Car,0.7583,0.8257,0.1743,1899
brightness,fractional change,0.6,Pedestrian,0.4405,0.6386,0.3614,285
brightness,fractional change,0.6,Cyclist,0.0052,0.0574,0.9426,122
brightness,fractional change,-0.3,Car,0.7601,0.8257,0.1743,1899
brightness,fractional change,-0.3,Pedestrian,0.4407,0.6211,0.3789,285
brightness,fractional change,-0.3,Cyclist,0.0043,0.0492,0.9508,122
brightness,fractional change,-0.6,Car,0.7565,0.822,0.178,1899
brightness,fractional change,-0.6,Pedestrian,0.4334,0.6105,0.3895,285
brightness,fractional change,-0.6,Cyclist,0.0044,0.041,0.959,122
contrast,fraction removed,0.0,Car,0.7583,0.8241,0.1759,1899
contrast,fraction removed,0.0,Pedestrian,0.4431,0.6281,0.3719,285
contrast,fraction removed,0.0,Cyclist,0.0049,0.0492,0.9508,122
contrast,fraction removed,0.3,Car,0.7429,0.8157,0.1843,1899
contrast,fraction removed,0.3,Pedestrian,0.4374,0.6175,0.3825,285
contrast,fraction removed,0.3,Cyclist,0.0089,0.0574,0.9426,122
contrast,fraction removed,0.6,Car,0.7173,0.7904,0.2096,1899
contrast,fraction removed,0.6,Pedestrian,0.4139,0.586,0.414,285
contrast,fraction removed,0.6,Cyclist,0.0068,0.0492,0.9508,122
contrast,fraction removed,0.8,Car,0.6595,0.7388,0.2612,1899
contrast,fraction removed,0.8,Pedestrian,0.3653,0.5193,0.4807,285
contrast,fraction removed,0.8,Cyclist,0.0061,0.0328,0.9672,122
blur,gaussian radius px,0.0,Car,0.7583,0.8241,0.1759,1899
blur,gaussian radius px,0.0,Pedestrian,0.4431,0.6281,0.3719,285
blur,gaussian radius px,0.0,Cyclist,0.0049,0.0492,0.9508,122
blur,gaussian radius px,1.0,Car,0.7534,0.822,0.178,1899
blur,gaussian radius px,1.0,Pedestrian,0.4401,0.6105,0.3895,285
blur,gaussian radius px,1.0,Cyclist,0.0041,0.041,0.959,122
blur,gaussian radius px,2.0,Car,0.7331,0.8052,0.1948,1899
blur,gaussian radius px,2.0,Pedestrian,0.4054,0.586,0.414,285
blur,gaussian radius px,2.0,Cyclist,0.0034,0.0328,0.9672,122
blur,gaussian radius px,4.0,Car,0.6345,0.7172,0.2828,1899
blur,gaussian radius px,4.0,Pedestrian,0.3659,0.5228,0.4772,285
blur,gaussian radius px,4.0,Cyclist,0.0035,0.0328,0.9672,122
jpeg,"compression, 0 = quality 100",0.0,Car,0.7583,0.8241,0.1759,1899
jpeg,"compression, 0 = quality 100",0.0,Pedestrian,0.4431,0.6281,0.3719,285
jpeg,"compression, 0 = quality 100",0.0,Cyclist,0.0049,0.0492,0.9508,122
jpeg,"compression, 0 = quality 100",0.6,Car,0.7474,0.8162,0.1838,1899
jpeg,"compression, 0 = quality 100",0.6,Pedestrian,0.4395,0.6246,0.3754,285
jpeg,"compression, 0 = quality 100",0.6,Cyclist,0.0076,0.0656,0.9344,122
jpeg,"compression, 0 = quality 100",0.85,Car,0.7305,0.8031,0.1969,1899
jpeg,"compression, 0 = quality 100",0.85,Pedestrian,0.4134,0.586,0.414,285
jpeg,"compression, 0 = quality 100",0.85,Cyclist,0.0045,0.0492,0.9508,122
jpeg,"compression, 0 = quality 100",0.95,Car,0.6949,0.7788,0.2212,1899
jpeg,"compression, 0 = quality 100",0.95,Pedestrian,0.3913,0.5649,0.4351,285
jpeg,"compression, 0 = quality 100",0.95,Cyclist,0.0057,0.041,0.959,122
fog,veil opacity,0.0,Car,0.7583,0.8241,0.1759,1899
fog,veil opacity,0.0,Pedestrian,0.4431,0.6281,0.3719,285
fog,veil opacity,0.0,Cyclist,0.0049,0.0492,0.9508,122
fog,veil opacity,0.2,Car,0.7388,0.8115,0.1885,1899
fog,veil opacity,0.2,Pedestrian,0.4362,0.6175,0.3825,285
fog,veil opacity,0.2,Cyclist,0.0085,0.0656,0.9344,122
fog,veil opacity,0.4,Car,0.7222,0.7994,0.2006,1899
fog,veil opacity,0.4,Pedestrian,0.4296,0.5965,0.4035,285
fog,veil opacity,0.4,Cyclist,0.0073,0.0656,0.9344,122
fog,veil opacity,0.6,Car,0.6976,0.7783,0.2217,1899
fog,veil opacity,0.6,Pedestrian,0.4113,0.5649,0.4351,285
fog,veil opacity,0.6,Cyclist,0.0081,0.041,0.959,122
